"Time","h","value_mean"
2019-12-31 19:00:00,0,4.77
2019-12-31 20:00:00,1,5.06
2019-12-31 21:00:00,2,4.94
2019-12-31 22:00:00,3,4.77
2019-12-31 23:00:00,4,4.67
2020-01-01 00:00:00,5,4.75
2020-01-01 01:00:00,6,4.95
2020-01-01 02:00:00,7,5.14
2020-01-01 03:00:00,8,5.01
2020-01-01 04:00:00,9,4.79
2020-01-01 05:00:00,10,4.82
2020-01-01 06:00:00,11,4.77
2020-01-01 07:00:00,12,4.68
2020-01-01 08:00:00,13,5.30
2020-01-01 09:00:00,14,5.49
2020-01-07 10:00:00,15,1.06
2020-01-07 11:00:00,16,1.51
2020-01-07 12:00:00,17,2.17
2020-01-07 13:00:00,18,2.70
2020-01-07 14:00:00,19,3.10
2020-01-07 15:00:00,20,3.06
2020-01-22 09:00:00,14,4.53
2020-01-22 10:00:00,15,5.22
2020-01-23 10:00:00,15,3.44
2020-01-23 11:00:00,16,4.36
2020-01-24 07:00:00,12,3.87
2020-01-24 08:00:00,13,3.36
2020-01-24 09:00:00,14,3.38
2020-01-24 10:00:00,15,3.40
2020-01-24 11:00:00,16,3.39
2020-01-24 12:00:00,17,3.87
2020-01-24 13:00:00,18,5.55
2020-01-24 14:00:00,19,5.14
2020-01-25 07:00:00,12,3.58
2020-01-25 08:00:00,13,3.44
2020-01-25 09:00:00,14,3.60
2020-01-25 10:00:00,15,4.74
2020-01-26 07:00:00,12,4.70
2020-01-26 08:00:00,13,4.67
2020-01-26 09:00:00,14,4.35
2020-01-26 10:00:00,15,5.40
2020-01-26 11:00:00,16,5.41
2020-01-26 12:00:00,17,4.99
2020-01-26 13:00:00,18,5.82
2020-01-26 15:00:00,20,5.48
2020-01-27 06:00:00,11,3.18
2020-01-27 07:00:00,12,3.43
2020-01-27 08:00:00,13,2.97
2020-01-27 10:00:00,15,3.38
2020-01-27 11:00:00,16,3.70
2020-01-27 12:00:00,17,4.17
2020-01-27 13:00:00,18,4.64
2020-01-28 07:00:00,12,1.76
2020-01-28 08:00:00,13,1.79
2020-01-28 09:00:00,14,1.68
2020-01-28 10:00:00,15,1.96
2020-01-28 11:00:00,16,1.97
2020-01-28 12:00:00,17,2.75
2020-01-28 13:00:00,18,4.26
2020-01-29 08:00:00,13,1.07
2020-01-29 09:00:00,14,1.24
2020-01-29 10:00:00,15,1.58
2020-01-29 11:00:00,16,1.64
2020-01-29 12:00:00,17,1.77
2020-01-29 13:00:00,18,1.98
2020-01-29 14:00:00,19,2.33
2020-01-29 15:00:00,20,4.61
2020-01-30 08:00:00,13,0.287
2020-01-30 09:00:00,14,0.337
2020-01-30 10:00:00,15,0.678
2020-01-30 11:00:00,16,1.86
2020-01-30 12:00:00,17,1.68
2020-01-30 13:00:00,18,2.34
2020-01-30 14:00:00,19,2.55
2020-01-30 15:00:00,20,2.66
2020-01-30 16:00:00,21,3.24
2020-01-30 17:00:00,22,4.35
2020-01-31 06:00:00,11,0.388
2020-01-31 07:00:00,12,0.462
2020-01-31 08:00:00,13,0.506
2020-01-31 09:00:00,14,0.714
2020-01-31 10:00:00,15,1.37
2020-01-31 11:00:00,16,1.15
2020-01-31 12:00:00,17,1.21
2020-01-31 13:00:00,18,1.16
2020-01-31 15:00:00,20,2.21
2020-01-31 16:00:00,21,2.21
2020-01-31 17:00:00,22,2.16
2020-01-31 18:00:00,23,2.43
2020-01-31 19:00:00,0,2.03
2020-01-31 20:00:00,1,1.16
2020-01-31 21:00:00,2,0.553
2020-02-01 08:00:00,13,0.565
2020-02-01 09:00:00,14,0.890
2020-02-01 10:00:00,15,1.11
2020-02-01 11:00:00,16,1.10
2020-02-01 12:00:00,17,1.21
2020-02-01 13:00:00,18,1.39
2020-02-01 14:00:00,19,1.48
2020-02-01 15:00:00,20,1.71
2020-02-01 16:00:00,21,2.01
2020-02-01 17:00:00,22,2.09
2020-02-01 18:00:00,23,2.27
2020-02-02 07:00:00,12,0.507
2020-02-02 08:00:00,13,0.512
2020-02-02 09:00:00,14,0.846
2020-02-02 10:00:00,15,1.00
2020-02-02 11:00:00,16,1.19
2020-02-02 12:00:00,17,1.47
2020-02-02 13:00:00,18,1.90
2020-02-02 14:00:00,19,2.07
2020-02-02 15:00:00,20,2.05
2020-02-02 16:00:00,21,2.05
2020-02-02 17:00:00,22,2.26
2020-02-02 18:00:00,23,2.48
2020-02-02 19:00:00,0,2.03
2020-02-02 21:00:00,2,0.649
2020-02-02 22:00:00,3,0.661
2020-02-02 23:00:00,4,0.648
2020-02-03 00:00:00,5,0.583
2020-02-03 06:00:00,11,0.481
2020-02-03 07:00:00,12,0.493
2020-02-03 08:00:00,13,0.623
2020-02-03 09:00:00,14,0.595
2020-02-03 10:00:00,15,1.19
2020-02-03 11:00:00,16,1.04
2020-02-03 12:00:00,17,1.41
2020-02-03 13:00:00,18,1.54
2020-02-03 14:00:00,19,1.64
2020-02-03 15:00:00,20,2.05
2020-02-03 16:00:00,21,2.64
2020-02-03 17:00:00,22,3.15
2020-02-03 18:00:00,23,2.79
2020-02-03 19:00:00,0,2.09
2020-02-03 20:00:00,1,1.51
2020-02-03 21:00:00,2,0.929
2020-02-03 22:00:00,3,0.794
2020-02-03 23:00:00,4,0.848
2020-02-04 00:00:00,5,0.919
2020-02-04 09:00:00,14,0.580
2020-02-04 10:00:00,15,0.801
2020-02-04 11:00:00,16,0.957
2020-02-04 12:00:00,17,1.11
2020-02-04 13:00:00,18,1.15
2020-02-04 14:00:00,19,1.05
2020-02-04 15:00:00,20,1.45
2020-02-04 16:00:00,21,2.61
2020-02-04 17:00:00,22,2.89
2020-02-04 18:00:00,23,2.73
2020-02-04 19:00:00,0,2.23
2020-02-04 20:00:00,1,1.55
2020-02-04 21:00:00,2,1.04
2020-02-04 22:00:00,3,0.571
2020-02-04 23:00:00,4,0.448
2020-02-05 12:00:00,17,1.03
2020-02-05 13:00:00,18,1.31
2020-02-05 14:00:00,19,1.87
2020-02-05 15:00:00,20,2.17
2020-02-05 16:00:00,21,2.45
2020-02-05 17:00:00,22,2.64
2020-02-05 18:00:00,23,2.36
2020-02-05 19:00:00,0,2.41
2020-02-05 20:00:00,1,2.27
2020-02-06 08:00:00,13,2.28
2020-02-06 09:00:00,14,2.84
2020-02-06 10:00:00,15,3.57
2020-02-06 11:00:00,16,4.17
2020-02-06 12:00:00,17,4.26
2020-02-06 13:00:00,18,4.15
2020-02-06 14:00:00,19,3.88
2020-02-06 15:00:00,20,3.30
2020-02-06 16:00:00,21,3.28
2020-02-06 17:00:00,22,3.58
2020-02-06 18:00:00,23,3.82
2020-02-06 19:00:00,0,4.06
2020-02-06 20:00:00,1,4.65
2020-02-06 21:00:00,2,5.50
2020-02-07 07:00:00,12,5.08
2020-02-07 08:00:00,13,5.26
2020-02-07 09:00:00,14,5.45
2020-02-07 10:00:00,15,5.39
2020-02-07 11:00:00,16,5.25
2020-02-07 12:00:00,17,5.55
2020-02-07 13:00:00,18,5.61
2020-02-08 07:00:00,12,3.13
2020-02-08 08:00:00,13,3.23
2020-02-08 09:00:00,14,3.80
2020-02-08 10:00:00,15,3.81
2020-02-08 11:00:00,16,4.82
2020-02-08 12:00:00,17,5.43
2020-02-08 13:00:00,18,5.68
2020-02-08 14:00:00,19,5.59
2020-02-08 16:00:00,21,5.78
2020-02-08 17:00:00,22,5.68
2020-02-08 18:00:00,23,5.80
2020-02-08 19:00:00,0,5.52
2020-02-08 20:00:00,1,5.84
2020-02-08 21:00:00,2,5.66
2020-02-08 22:00:00,3,5.18
2020-02-09 07:00:00,12,4.44
2020-02-09 08:00:00,13,4.60
2020-02-09 09:00:00,14,5.32
2020-02-10 18:00:00,23,5.98
2020-02-10 20:00:00,1,5.98
2020-02-10 21:00:00,2,5.77
2020-02-10 22:00:00,3,5.63
2020-02-11 07:00:00,12,5.71
2020-02-12 04:00:00,9,5.74
2020-02-12 05:00:00,10,5.37
2020-02-12 06:00:00,11,5.09
2020-02-12 07:00:00,12,4.78
2020-02-12 08:00:00,13,5.00
2020-02-12 09:00:00,14,5.97
2020-02-12 15:00:00,20,5.58
2020-02-12 16:00:00,21,5.76
2020-02-13 05:00:00,10,5.39
2020-02-13 06:00:00,11,4.96
2020-02-13 07:00:00,12,4.62
2020-02-13 08:00:00,13,4.86
2020-02-13 09:00:00,14,5.06
2020-02-13 10:00:00,15,5.86
2020-02-14 07:00:00,12,5.90
2020-02-17 07:00:00,12,4.40
2020-02-17 08:00:00,13,4.83
2020-02-17 09:00:00,14,5.77
2020-02-24 10:00:00,15,1.88
2020-02-24 11:00:00,16,2.86
2020-02-24 12:00:00,17,3.39
2020-02-24 13:00:00,18,3.32
2020-02-24 14:00:00,19,3.56
2020-02-24 15:00:00,20,3.06
2020-02-24 16:00:00,21,4.64
2020-02-25 07:00:00,12,2.05
2020-02-25 08:00:00,13,2.15
2020-02-25 09:00:00,14,2.29
2020-02-26 07:00:00,12,1.10
2020-02-26 08:00:00,13,1.03
2020-02-26 09:00:00,14,1.18
2020-02-26 10:00:00,15,1.32
2020-02-26 11:00:00,16,1.54
2020-02-26 12:00:00,17,2.25
2020-02-26 13:00:00,18,2.43
2020-02-26 14:00:00,19,2.90
2020-02-26 15:00:00,20,2.76
2020-02-26 16:00:00,21,4.53
2020-02-27 04:00:00,9,0.776
2020-02-27 05:00:00,10,0.812
2020-02-27 06:00:00,11,0.892
2020-02-27 07:00:00,12,0.917
2020-02-27 08:00:00,13,1.23
2020-02-27 09:00:00,14,1.40
2020-02-27 10:00:00,15,1.67
2020-02-27 11:00:00,16,1.71
2020-02-27 12:00:00,17,2.11
2020-02-27 13:00:00,18,2.53
2020-02-27 14:00:00,19,3.10
2020-02-27 15:00:00,20,3.92
2020-02-27 16:00:00,21,5.09
2020-02-27 17:00:00,22,4.86
2020-02-27 18:00:00,23,4.28
2020-02-28 04:00:00,9,0.656
2020-02-28 05:00:00,10,0.685
2020-02-28 06:00:00,11,0.684
2020-02-28 07:00:00,12,0.707
2020-02-28 08:00:00,13,0.739
2020-02-28 09:00:00,14,1.11
2020-02-28 10:00:00,15,1.96
2020-02-28 11:00:00,16,2.71
2020-02-28 12:00:00,17,2.66
2020-02-28 13:00:00,18,2.27
2020-02-28 14:00:00,19,1.72
2020-02-28 15:00:00,20,1.58
2020-02-28 16:00:00,21,1.17
2020-02-28 17:00:00,22,1.55
2020-02-28 18:00:00,23,2.55
2020-02-28 22:00:00,3,0.586
2020-02-28 23:00:00,4,0.626
2020-02-29 00:00:00,5,0.619
2020-02-29 01:00:00,6,0.569
2020-02-29 02:00:00,7,0.618
2020-02-29 03:00:00,8,0.880
2020-02-29 04:00:00,9,1.03
2020-02-29 05:00:00,10,1.09
2020-02-29 06:00:00,11,1.15
2020-02-29 07:00:00,12,0.946
2020-02-29 08:00:00,13,0.853
2020-02-29 09:00:00,14,1.05
2020-02-29 10:00:00,15,2.21
2020-02-29 11:00:00,16,3.15
2020-02-29 14:00:00,19,1.80
2020-02-29 15:00:00,20,1.84
2020-02-29 16:00:00,21,1.82
2020-02-29 17:00:00,22,2.60
2020-02-29 18:00:00,23,3.52
2020-02-29 19:00:00,0,2.98
2020-02-29 20:00:00,1,2.17
2020-02-29 21:00:00,2,1.72
2020-02-29 22:00:00,3,1.27
2020-02-29 23:00:00,4,1.35
2020-03-01 00:00:00,5,1.37
2020-03-01 01:00:00,6,1.12
2020-03-01 02:00:00,7,1.23
2020-03-01 03:00:00,8,1.31
2020-03-01 04:00:00,9,1.13
2020-03-01 05:00:00,10,1.13
2020-03-01 06:00:00,11,1.15
2020-03-01 07:00:00,12,1.26
2020-03-01 08:00:00,13,1.75
2020-03-01 09:00:00,14,2.46
2020-03-01 10:00:00,15,2.67
2020-03-01 11:00:00,16,2.70
2020-03-01 12:00:00,17,2.74
2020-03-01 13:00:00,18,2.75
2020-03-01 14:00:00,19,2.76
2020-03-01 15:00:00,20,2.58
2020-03-01 16:00:00,21,2.75
2020-03-01 17:00:00,22,3.55
2020-03-01 23:00:00,4,1.75
2020-03-02 00:00:00,5,1.59
2020-03-02 01:00:00,6,1.46
2020-03-02 02:00:00,7,1.48
2020-03-02 03:00:00,8,1.37
2020-03-02 04:00:00,9,1.31
2020-03-02 05:00:00,10,1.38
2020-03-02 06:00:00,11,1.23
2020-03-02 07:00:00,12,1.10
2020-03-02 08:00:00,13,0.976
2020-03-02 09:00:00,14,1.24
2020-03-02 10:00:00,15,2.21
2020-03-02 11:00:00,16,2.68
2020-03-02 12:00:00,17,2.52
2020-03-02 13:00:00,18,2.21
2020-03-02 14:00:00,19,1.96
2020-03-02 15:00:00,20,1.74
2020-03-02 16:00:00,21,1.96
2020-03-03 08:00:00,13,3.01
2020-03-03 09:00:00,14,3.86
2020-03-03 10:00:00,15,4.18
2020-03-04 07:00:00,12,2.58
2020-03-04 08:00:00,13,2.44
2020-03-04 09:00:00,14,2.74
2020-03-04 10:00:00,15,2.82
2020-03-04 11:00:00,16,2.92
2020-03-04 12:00:00,17,2.91
2020-03-04 13:00:00,18,2.84
2020-03-04 14:00:00,19,3.41
2020-03-04 15:00:00,20,4.22
2020-03-04 16:00:00,21,5.20
2020-03-05 07:00:00,12,1.18
2020-03-05 08:00:00,13,1.42
2020-03-05 09:00:00,14,2.08
2020-03-05 10:00:00,15,3.34
2020-03-05 11:00:00,16,3.88
2020-03-05 12:00:00,17,4.20
2020-03-05 13:00:00,18,4.24
2020-03-05 14:00:00,19,4.36
2020-03-05 15:00:00,20,4.77
2020-03-05 16:00:00,21,5.42
2020-03-05 17:00:00,22,5.00
2020-03-05 18:00:00,23,5.08
2020-03-05 19:00:00,0,5.21
2020-03-05 20:00:00,1,5.04
2020-03-05 21:00:00,2,4.70
2020-03-05 22:00:00,3,4.36
2020-03-06 08:00:00,13,2.08
2020-03-06 09:00:00,14,2.19
2020-03-06 10:00:00,15,2.76
2020-03-06 11:00:00,16,3.84
2020-03-06 12:00:00,17,4.86
2020-03-06 13:00:00,18,4.70
2020-03-06 14:00:00,19,4.74
2020-03-06 15:00:00,20,4.59
2020-03-06 16:00:00,21,4.94
2020-03-06 17:00:00,22,5.73
2020-03-06 18:00:00,23,5.16
2020-03-06 19:00:00,0,4.42
2020-03-06 20:00:00,1,4.41
2020-03-06 21:00:00,2,4.14
2020-03-07 07:00:00,12,3.24
2020-03-07 08:00:00,13,3.28
2020-03-07 09:00:00,14,3.33
2020-03-07 10:00:00,15,3.68
2020-03-07 11:00:00,16,4.16
2020-03-07 12:00:00,17,4.45
2020-03-07 13:00:00,18,4.74
2020-03-07 14:00:00,19,5.28
2020-03-07 15:00:00,20,5.41
2020-03-07 16:00:00,21,5.21
2020-03-07 17:00:00,22,4.84
2020-03-07 18:00:00,23,4.83
2020-03-07 19:00:00,0,4.90
2020-03-07 20:00:00,1,4.25
2020-03-07 21:00:00,2,4.32
2020-03-07 22:00:00,3,4.21
2020-03-07 23:00:00,4,4.35
2020-03-08 10:00:00,14,4.61
2020-03-08 11:00:00,15,4.82
2020-03-08 12:00:00,16,5.64
2020-03-15 05:00:00,9,4.96
2020-03-15 06:00:00,10,4.75
2020-03-15 07:00:00,11,4.48
2020-03-15 08:00:00,12,4.30
2020-03-15 09:00:00,13,4.36
2020-03-15 15:00:00,19,4.34
2020-03-15 16:00:00,20,4.41
2020-03-15 17:00:00,21,4.22
2020-03-15 18:00:00,22,3.56
2020-03-15 19:00:00,23,2.83
2020-03-15 20:00:00,0,2.40
2020-03-15 21:00:00,1,2.31
2020-03-16 08:00:00,12,3.05
2020-03-16 09:00:00,13,3.55
2020-03-16 10:00:00,14,3.91
2020-03-16 11:00:00,15,4.20
2020-03-16 12:00:00,16,4.36
2020-03-16 13:00:00,17,4.63
2020-03-16 14:00:00,18,4.83
2020-03-16 15:00:00,19,4.83
2020-03-16 16:00:00,20,4.64
2020-03-16 17:00:00,21,4.06
2020-03-16 18:00:00,22,3.81
2020-03-16 19:00:00,23,4.28
2020-03-16 21:00:00,1,4.08
2020-03-16 22:00:00,2,4.16
2020-03-17 15:00:00,19,3.33
2020-03-17 16:00:00,20,3.05
2020-03-17 17:00:00,21,2.71
2020-03-17 18:00:00,22,2.38
2020-03-17 19:00:00,23,2.22
2020-03-17 20:00:00,0,1.71
2020-03-17 21:00:00,1,1.22
2020-03-17 22:00:00,2,0.883
2020-03-17 23:00:00,3,1.21
2020-03-18 00:00:00,4,2.04
2020-03-18 01:00:00,5,2.05
2020-03-18 15:00:00,19,2.93
2020-03-18 16:00:00,20,3.01
2020-03-18 17:00:00,21,3.13
2020-03-18 18:00:00,22,3.02
2020-03-18 19:00:00,23,2.96
2020-03-18 20:00:00,0,3.52
2020-03-19 11:00:00,15,4.09
2020-03-19 12:00:00,16,4.72
2020-03-19 13:00:00,17,4.55
2020-03-19 14:00:00,18,4.06
2020-03-19 15:00:00,19,3.67
2020-03-19 16:00:00,20,3.03
2020-03-19 17:00:00,21,2.27
2020-03-19 18:00:00,22,2.24
2020-03-19 23:00:00,3,1.73
2020-03-20 00:00:00,4,1.69
2020-03-20 01:00:00,5,1.43
2020-03-20 02:00:00,6,1.45
2020-03-20 03:00:00,7,1.50
2020-03-20 04:00:00,8,1.57
2020-03-20 05:00:00,9,1.25
2020-03-20 06:00:00,10,1.10
2020-03-20 07:00:00,11,0.924
2020-03-20 11:00:00,15,1.56
2020-03-20 12:00:00,16,2.29
2020-03-20 13:00:00,17,2.54
2020-03-20 14:00:00,18,2.54
2020-03-20 15:00:00,19,1.77
2020-03-20 16:00:00,20,1.30
2020-03-20 17:00:00,21,2.00
2020-03-20 18:00:00,22,3.95
2020-03-21 01:00:00,5,0.552
2020-03-21 02:00:00,6,0.512
2020-03-21 03:00:00,7,0.506
2020-03-21 04:00:00,8,0.607
2020-03-21 05:00:00,9,0.642
2020-06-08 13:00:00,17,0.507
2020-06-08 14:00:00,18,0.530
2020-09-09 10:00:00,14,0.485
2020-09-09 11:00:00,15,0.561
2020-09-09 12:00:00,16,0.664
2020-09-09 13:00:00,17,0.677
2020-09-09 14:00:00,18,0.695
2020-09-09 15:00:00,19,0.701
2020-09-09 16:00:00,20,0.655
2020-09-09 17:00:00,21,0.572
2020-09-09 18:00:00,22,0.536
2020-09-09 19:00:00,23,0.490
2020-09-09 20:00:00,0,0.448
2020-09-09 21:00:00,1,0.522
2020-09-09 22:00:00,2,0.565
2020-09-09 23:00:00,3,0.660
2020-09-10 20:00:00,0,1.79
2020-09-10 21:00:00,1,1.80
2020-09-10 22:00:00,2,1.91
2020-09-10 23:00:00,3,2.15
2020-09-11 00:00:00,4,2.20
2020-09-11 01:00:00,5,1.99
2020-09-11 02:00:00,6,2.13
2020-09-11 03:00:00,7,1.82
2020-09-11 20:00:00,0,2.17
2020-09-11 21:00:00,1,2.42
2020-09-11 22:00:00,2,2.81
2020-09-11 23:00:00,3,2.83
2020-09-12 00:00:00,4,2.70
2020-09-12 01:00:00,5,2.59
2020-09-12 02:00:00,6,2.58
2020-09-12 03:00:00,7,2.48
2020-09-12 19:00:00,23,2.16
2020-09-12 20:00:00,0,2.29
2020-09-12 21:00:00,1,2.09
2020-09-12 22:00:00,2,1.99
2020-09-12 23:00:00,3,1.98
2020-09-13 00:00:00,4,2.14
2020-09-13 01:00:00,5,2.15
2020-09-13 02:00:00,6,2.05
2020-09-13 03:00:00,7,2.25
2020-09-13 21:00:00,1,3.22
2020-09-13 22:00:00,2,3.19
2020-09-13 23:00:00,3,3.71
2020-09-14 00:00:00,4,3.97
2020-09-14 01:00:00,5,4.10
2020-09-14 02:00:00,6,3.67
2020-09-14 03:00:00,7,4.01
2020-09-17 19:00:00,23,0.913
2020-09-17 20:00:00,0,0.854
2020-09-17 21:00:00,1,0.770
2020-09-17 22:00:00,2,0.687
2020-09-17 23:00:00,3,0.710
2020-09-18 00:00:00,4,0.680
2020-09-18 01:00:00,5,0.662
2020-09-18 02:00:00,6,0.625
2020-09-18 03:00:00,7,0.547
2020-09-18 04:00:00,8,0.489
2020-09-18 20:00:00,0,1.54
2020-09-18 21:00:00,1,1.41
2020-09-18 22:00:00,2,1.26
2020-09-18 23:00:00,3,1.23
2020-09-19 00:00:00,4,1.29
2020-09-19 01:00:00,5,1.30
2020-09-19 02:00:00,6,1.20
2020-09-19 03:00:00,7,1.08
2020-09-19 04:00:00,8,1.00
2020-09-19 20:00:00,0,1.25
2020-09-19 21:00:00,1,1.25
2020-09-19 22:00:00,2,1.41
2020-09-19 23:00:00,3,1.16
2020-09-20 00:00:00,4,0.760
2020-09-20 01:00:00,5,0.508
2020-09-20 02:00:00,6,0.371
2020-09-20 03:00:00,7,0.279
2020-09-20 04:00:00,8,0.339
2020-09-20 19:00:00,23,1.00
2020-09-20 20:00:00,0,0.779
2020-09-20 21:00:00,1,0.706
2020-09-20 22:00:00,2,0.519
2020-09-20 23:00:00,3,0.410
2020-09-21 00:00:00,4,0.377
2020-09-21 01:00:00,5,0.314
2020-09-21 02:00:00,6,0.314
2020-09-21 03:00:00,7,0.278
2020-09-21 19:00:00,23,1.46
2020-09-21 20:00:00,0,1.16
2020-09-21 21:00:00,1,0.883
2020-09-21 22:00:00,2,0.746
2020-09-21 23:00:00,3,0.681
2020-09-22 00:00:00,4,0.746
2020-09-22 01:00:00,5,0.809
2020-09-22 02:00:00,6,0.749
2020-09-22 03:00:00,7,0.691
2020-09-22 20:00:00,0,0.678
2020-09-22 21:00:00,1,0.643
2020-09-22 22:00:00,2,0.601
2020-09-22 23:00:00,3,0.603
2020-09-23 00:00:00,4,0.585
2020-09-23 01:00:00,5,0.560
2020-09-23 02:00:00,6,0.551
2020-09-23 03:00:00,7,0.578
2020-09-23 23:00:00,3,1.44
2020-09-24 00:00:00,4,1.39
2020-09-24 01:00:00,5,1.35
2020-09-24 02:00:00,6,1.23
2020-09-24 03:00:00,7,1.15
2020-09-24 21:00:00,1,2.38
2020-09-24 22:00:00,2,2.10
2020-09-24 23:00:00,3,1.89
2020-09-25 00:00:00,4,1.51
2020-09-25 01:00:00,5,1.31
2020-09-25 02:00:00,6,1.40
2020-09-25 03:00:00,7,1.61
2020-09-25 19:00:00,23,1.61
2020-09-25 20:00:00,0,1.27
2020-09-25 21:00:00,1,1.21
2020-09-25 22:00:00,2,1.39
2020-09-25 23:00:00,3,1.66
2020-09-26 00:00:00,4,1.68
2020-09-26 01:00:00,5,1.96
2020-09-26 02:00:00,6,2.10
2020-09-26 03:00:00,7,2.03
2020-09-26 19:00:00,23,2.03
2020-09-26 20:00:00,0,1.82
2020-09-26 21:00:00,1,1.58
2020-09-26 22:00:00,2,1.40
2020-09-26 23:00:00,3,1.45
2020-09-27 00:00:00,4,1.39
2020-09-27 01:00:00,5,1.28
2020-09-27 02:00:00,6,1.26
2020-09-27 03:00:00,7,1.25
2020-09-27 19:00:00,23,1.24
2020-09-27 20:00:00,0,1.05
2020-09-27 21:00:00,1,0.892
2020-09-27 22:00:00,2,0.769
2020-09-27 23:00:00,3,0.690
2020-09-28 00:00:00,4,0.597
2020-09-28 01:00:00,5,0.537
2020-09-28 02:00:00,6,0.513
2020-09-28 03:00:00,7,0.478
2020-09-28 19:00:00,23,1.88
2020-09-28 20:00:00,0,1.95
2020-09-28 21:00:00,1,1.91
2020-09-28 22:00:00,2,1.64
2020-09-28 23:00:00,3,1.49
2020-09-29 00:00:00,4,1.38
2020-09-29 01:00:00,5,1.30
2020-09-29 02:00:00,6,1.17
2020-09-29 03:00:00,7,1.16
2020-09-29 19:00:00,23,1.39
2020-09-29 21:00:00,1,1.06
2020-09-29 22:00:00,2,0.890
2020-09-29 23:00:00,3,0.837
2020-09-30 00:00:00,4,0.803
2020-09-30 01:00:00,5,0.939
2020-09-30 02:00:00,6,1.09
2020-09-30 03:00:00,7,1.15
2020-09-30 18:00:00,22,4.07
2020-09-30 19:00:00,23,4.21
2020-09-30 20:00:00,0,4.52
2020-09-30 21:00:00,1,4.67
2020-09-30 22:00:00,2,4.07
2020-09-30 23:00:00,3,3.55
2020-10-01 00:00:00,4,3.63
2020-10-01 01:00:00,5,3.65
2020-10-01 02:00:00,6,3.29
2020-10-01 03:00:00,7,3.38
2020-10-01 19:00:00,23,3.39
2020-10-01 20:00:00,0,3.34
2020-10-01 21:00:00,1,3.53
2020-10-01 22:00:00,2,3.57
2020-10-01 23:00:00,3,3.85
2020-10-02 00:00:00,4,4.20
2020-10-02 01:00:00,5,4.13
2020-10-02 02:00:00,6,3.97
2020-10-02 19:00:00,23,3.17
2020-10-02 20:00:00,0,3.41
2020-10-02 21:00:00,1,3.56
2020-10-02 22:00:00,2,3.70
2020-10-02 23:00:00,3,3.85
2020-10-03 01:00:00,5,4.24
2020-10-03 02:00:00,6,4.12
2020-10-03 03:00:00,7,4.10
2020-10-03 19:00:00,23,2.84
2020-10-03 20:00:00,0,2.57
2020-10-03 21:00:00,1,2.05
2020-10-03 22:00:00,2,2.02
2020-10-03 23:00:00,3,1.61
2020-10-04 00:00:00,4,1.53
2020-10-04 01:00:00,5,1.65
2020-10-04 02:00:00,6,1.59
2020-10-04 03:00:00,7,1.50
2020-10-04 17:00:00,21,1.90
2020-10-04 18:00:00,22,1.68
2020-10-04 19:00:00,23,2.44
2020-10-04 20:00:00,0,2.26
2020-10-04 21:00:00,1,2.47
2020-10-04 22:00:00,2,2.57
2020-10-04 23:00:00,3,2.45
2020-10-05 00:00:00,4,2.62
2020-10-05 01:00:00,5,2.74
2020-10-05 02:00:00,6,2.70
2020-10-05 19:00:00,23,3.37
2020-10-05 20:00:00,0,3.86
2020-10-05 21:00:00,1,4.17
2020-10-05 22:00:00,2,3.92
2020-10-05 23:00:00,3,3.82
2020-10-06 00:00:00,4,3.68
2020-10-06 01:00:00,5,3.80
2020-10-06 18:00:00,22,3.26
2020-10-06 19:00:00,23,3.73
2020-10-06 20:00:00,0,4.25
2020-10-06 21:00:00,1,4.46
2020-10-06 22:00:00,2,4.40
2020-10-06 23:00:00,3,4.22
2020-10-07 00:00:00,4,4.44
2020-10-07 01:00:00,5,4.66
2020-10-07 02:00:00,6,4.98
2020-10-07 03:00:00,7,5.36
2020-10-07 18:00:00,22,3.78
2020-10-07 19:00:00,23,3.86
2020-10-07 20:00:00,0,3.64
2020-10-07 21:00:00,1,3.65
2020-10-07 22:00:00,2,3.44
2020-10-07 23:00:00,3,3.32
2020-10-08 00:00:00,4,3.13
2020-10-08 01:00:00,5,3.23
2020-10-08 02:00:00,6,3.21
2020-10-08 03:00:00,7,2.98
2020-10-08 18:00:00,22,1.46
2020-10-08 19:00:00,23,1.15
2020-10-08 20:00:00,0,1.05
2020-10-08 21:00:00,1,0.836
2020-10-08 22:00:00,2,0.617
2020-10-08 23:00:00,3,0.533
2020-10-09 00:00:00,4,0.529
2020-10-09 01:00:00,5,0.600
2020-10-09 02:00:00,6,0.623
2020-10-09 03:00:00,7,0.734
2020-10-09 19:00:00,23,1.98
2020-10-09 20:00:00,0,1.77
2020-10-09 21:00:00,1,1.57
2020-10-09 22:00:00,2,1.29
2020-10-09 23:00:00,3,1.27
2020-10-10 00:00:00,4,1.26
2020-10-10 01:00:00,5,1.35
2020-10-10 02:00:00,6,1.28
2020-10-10 03:00:00,7,1.19
2020-10-10 17:00:00,21,1.51
2020-10-10 18:00:00,22,1.61
2020-10-10 19:00:00,23,1.76
2020-10-10 20:00:00,0,1.88
2020-10-10 21:00:00,1,1.78
2020-10-10 22:00:00,2,1.71
2020-10-10 23:00:00,3,1.55
2020-10-11 00:00:00,4,1.49
2020-10-11 01:00:00,5,1.55
2020-10-11 02:00:00,6,1.59
2020-10-11 03:00:00,7,1.68
2020-10-11 18:00:00,22,2.00
2020-10-11 19:00:00,23,2.02
2020-10-11 20:00:00,0,2.00
2020-10-11 21:00:00,1,2.05
2020-10-11 22:00:00,2,2.14
2020-10-11 23:00:00,3,2.17
2020-10-12 00:00:00,4,2.19
2020-10-12 01:00:00,5,2.20
2020-10-12 02:00:00,6,2.26
2020-10-12 18:00:00,22,2.19
2020-10-12 19:00:00,23,2.32
2020-10-12 20:00:00,0,2.20
2020-10-12 21:00:00,1,2.02
2020-10-12 22:00:00,2,2.04
2020-10-12 23:00:00,3,2.10
2020-10-13 00:00:00,4,2.23
2020-10-13 01:00:00,5,2.34
2020-10-13 02:00:00,6,2.37
2020-10-13 03:00:00,7,2.34
2020-10-13 16:00:00,20,2.65
2020-10-13 17:00:00,21,2.66
2020-10-13 18:00:00,22,2.83
2020-10-13 19:00:00,23,2.50
2020-10-13 20:00:00,0,2.79
2020-10-13 21:00:00,1,2.51
2020-10-13 22:00:00,2,2.21
2020-10-13 23:00:00,3,2.09
2020-10-14 00:00:00,4,1.99
2020-10-14 01:00:00,5,2.09
2020-10-14 02:00:00,6,2.05
2020-10-14 03:00:00,7,1.90
2020-10-14 12:00:00,16,1.09
2020-10-14 13:00:00,17,1.37
2020-10-14 14:00:00,18,1.66
2020-10-14 17:00:00,21,2.09
2020-10-14 18:00:00,22,1.74
2020-10-14 19:00:00,23,1.79
2020-10-14 20:00:00,0,1.52
2020-10-14 21:00:00,1,1.26
2020-10-14 22:00:00,2,0.985
2020-10-14 23:00:00,3,1.05
2020-10-15 00:00:00,4,0.955
2020-10-15 01:00:00,5,0.819
2020-10-15 02:00:00,6,0.791
2020-10-15 15:00:00,19,1.87
2020-10-15 16:00:00,20,2.17
2020-10-15 17:00:00,21,2.27
2020-10-15 18:00:00,22,2.36
2020-10-15 19:00:00,23,2.82
2020-10-15 20:00:00,0,3.09
2020-10-15 21:00:00,1,3.56
2020-10-15 22:00:00,2,4.25
2020-10-15 23:00:00,3,4.75
2020-10-16 00:00:00,4,5.24
2020-10-16 01:00:00,5,5.22
2020-10-16 02:00:00,6,5.05
2020-10-16 18:00:00,22,1.84
2020-10-16 19:00:00,23,1.74
2020-10-16 20:00:00,0,1.46
2020-10-16 21:00:00,1,1.18
2020-10-16 22:00:00,2,1.05
2020-10-16 23:00:00,3,0.927
2020-10-17 00:00:00,4,0.822
2020-10-17 01:00:00,5,0.718
2020-10-17 02:00:00,6,0.684
2020-10-17 03:00:00,7,0.642
2020-10-17 16:00:00,20,1.22
2020-10-17 17:00:00,21,1.22
2020-10-17 18:00:00,22,1.24
2020-10-17 19:00:00,23,1.14
2020-10-17 20:00:00,0,1.02
2020-10-17 21:00:00,1,1.08
2020-10-17 22:00:00,2,1.12
2020-10-17 23:00:00,3,1.20
2020-10-18 00:00:00,4,1.60
2020-10-18 01:00:00,5,1.97
2020-10-18 02:00:00,6,2.62
2020-10-18 03:00:00,7,2.57
2020-10-18 10:00:00,14,1.55
2020-10-18 18:00:00,22,2.36
2020-10-18 19:00:00,23,2.48
2020-10-18 20:00:00,0,2.51
2020-10-18 21:00:00,1,2.36
2020-10-18 22:00:00,2,2.34
2020-10-18 23:00:00,3,2.39
2020-10-19 00:00:00,4,2.22
2020-10-19 01:00:00,5,2.05
2020-10-19 02:00:00,6,2.07
2020-10-19 03:00:00,7,2.21
2020-10-19 19:00:00,23,3.12
2020-10-19 20:00:00,0,3.20
2020-10-19 21:00:00,1,3.28
2020-10-19 22:00:00,2,3.21
2020-10-19 23:00:00,3,3.14
2020-10-20 00:00:00,4,3.04
2020-10-20 01:00:00,5,2.87
2020-10-20 02:00:00,6,2.67
2020-10-20 03:00:00,7,2.53
2020-10-20 19:00:00,23,3.43
2020-10-20 20:00:00,0,3.77
2020-10-20 21:00:00,1,3.47
2020-10-20 22:00:00,2,3.31
2020-10-20 23:00:00,3,3.28
2020-10-21 00:00:00,4,3.27
2020-10-21 01:00:00,5,3.44
2020-10-21 02:00:00,6,3.48
2020-10-21 03:00:00,7,3.41
2020-10-21 21:00:00,1,3.59
2020-10-21 22:00:00,2,3.53
2020-10-21 23:00:00,3,3.56
2020-10-22 00:00:00,4,3.67
2020-10-22 01:00:00,5,3.72
2020-10-22 02:00:00,6,3.90
2020-10-22 03:00:00,7,3.94
2020-10-22 18:00:00,22,3.23
2020-10-22 19:00:00,23,3.05
2020-10-22 20:00:00,0,2.89
2020-10-22 21:00:00,1,2.76
2020-10-22 22:00:00,2,2.65
2020-10-22 23:00:00,3,2.61
2020-10-23 00:00:00,4,2.49
2020-10-23 01:00:00,5,2.45
2020-10-23 02:00:00,6,2.57
2020-10-23 03:00:00,7,2.62
2020-10-23 18:00:00,22,2.01
2020-10-23 19:00:00,23,1.76
2020-10-23 20:00:00,0,1.67
2020-10-23 21:00:00,1,1.21
2020-10-23 22:00:00,2,0.780
2020-10-23 23:00:00,3,0.708
2020-10-24 00:00:00,4,0.720
2020-10-24 01:00:00,5,0.713
2020-10-24 02:00:00,6,0.683
2020-10-24 03:00:00,7,0.700
2020-10-24 19:00:00,23,2.42
2020-10-24 20:00:00,0,2.46
2020-10-24 21:00:00,1,2.15
2020-10-24 22:00:00,2,1.89
2020-10-24 23:00:00,3,1.90
2020-10-25 00:00:00,4,1.80
2020-10-25 01:00:00,5,1.77
2020-10-25 02:00:00,6,1.84
2020-10-25 03:00:00,7,1.86
2020-10-25 16:00:00,20,3.40
2020-10-25 17:00:00,21,2.99
2020-10-25 18:00:00,22,2.34
2020-10-25 19:00:00,23,1.99
2020-10-25 20:00:00,0,1.53
2020-10-25 21:00:00,1,1.25
2020-10-25 22:00:00,2,0.994
2020-10-25 23:00:00,3,0.784
2020-10-26 00:00:00,4,0.523
2020-10-26 01:00:00,5,0.441
2020-10-26 02:00:00,6,0.380
2020-10-26 03:00:00,7,0.368
2020-10-26 18:00:00,22,1.55
2020-10-26 19:00:00,23,1.48
2020-10-26 20:00:00,0,1.26
2020-10-26 21:00:00,1,0.998
2020-10-26 22:00:00,2,0.843
2020-10-26 23:00:00,3,0.721
2020-10-27 00:00:00,4,0.690
2020-10-27 01:00:00,5,0.582
2020-10-27 02:00:00,6,0.516
2020-10-27 03:00:00,7,0.581
2020-10-27 18:00:00,22,2.15
2020-10-27 19:00:00,23,1.94
2020-10-27 20:00:00,0,1.56
2020-10-27 21:00:00,1,1.47
2020-10-27 22:00:00,2,1.14
2020-10-27 23:00:00,3,1.10
2020-10-28 00:00:00,4,0.952
2020-10-28 01:00:00,5,0.783
2020-10-28 02:00:00,6,0.561
2020-10-28 03:00:00,7,0.467
2020-10-28 18:00:00,22,1.37
2020-10-28 19:00:00,23,1.25
2020-10-28 20:00:00,0,1.02
2020-10-28 21:00:00,1,0.665
2020-10-28 22:00:00,2,0.633
2020-10-28 23:00:00,3,0.648
2020-10-29 00:00:00,4,0.624
2020-10-29 01:00:00,5,0.511
2020-10-29 02:00:00,6,0.421
2020-10-29 03:00:00,7,0.426
2020-10-29 18:00:00,22,1.36
2020-10-29 19:00:00,23,1.23
2020-10-29 20:00:00,0,0.847
2020-10-29 21:00:00,1,0.601
2020-10-29 22:00:00,2,0.423
2020-10-29 23:00:00,3,0.382
2020-10-30 00:00:00,4,0.390
2020-10-30 01:00:00,5,0.399
2020-10-30 02:00:00,6,0.411
2020-10-30 03:00:00,7,0.408
2020-10-30 18:00:00,22,1.20
2020-10-30 19:00:00,23,1.15
2020-10-30 20:00:00,0,1.00
2020-10-30 21:00:00,1,0.805
2020-10-30 22:00:00,2,0.751
2020-10-30 23:00:00,3,0.769
2020-10-31 00:00:00,4,0.705
2020-10-31 01:00:00,5,0.522
2020-10-31 02:00:00,6,0.490
2020-10-31 17:00:00,21,0.995
2020-10-31 18:00:00,22,1.34
2020-10-31 19:00:00,23,1.21
2020-10-31 20:00:00,0,0.989
2020-10-31 21:00:00,1,0.733
2020-10-31 22:00:00,2,0.555
2020-10-31 23:00:00,3,0.541
2020-11-01 00:00:00,4,0.600
2020-11-01 01:00:00,5,0.690
2020-11-01 01:00:00,6,0.686
2020-11-01 02:00:00,7,0.579
2020-11-01 18:00:00,23,1.57
2020-11-01 19:00:00,0,1.21
2020-11-01 20:00:00,1,1.04
2020-11-01 21:00:00,2,1.09
2020-11-01 22:00:00,3,1.17
2020-11-01 23:00:00,4,0.967
2020-11-02 00:00:00,5,0.782
2020-11-02 01:00:00,6,0.687
2020-11-02 02:00:00,7,0.651
2020-11-02 17:00:00,22,1.20
2020-11-02 18:00:00,23,1.30
2020-11-02 19:00:00,0,1.08
2020-11-02 20:00:00,1,0.890
2020-11-02 21:00:00,2,0.807
2020-11-02 22:00:00,3,0.802
2020-11-02 23:00:00,4,0.802
2020-11-03 00:00:00,5,0.815
2020-11-03 01:00:00,6,0.816
2020-11-03 02:00:00,7,0.782
2020-11-03 17:00:00,22,1.60
2020-11-03 18:00:00,23,1.68
2020-11-03 19:00:00,0,1.44
2020-11-03 20:00:00,1,1.40
2020-11-03 21:00:00,2,1.43
2020-11-03 22:00:00,3,1.58
2020-11-03 23:00:00,4,2.02
2020-11-04 00:00:00,5,2.37
2020-11-04 01:00:00,6,1.99
2020-11-04 02:00:00,7,1.64
2020-11-04 21:00:00,2,1.13
2020-11-04 22:00:00,3,1.14
2020-11-04 23:00:00,4,1.20
2020-11-05 00:00:00,5,1.14
2020-11-05 19:00:00,0,1.57
2020-11-05 20:00:00,1,1.35
2020-11-05 21:00:00,2,1.30
2020-11-05 22:00:00,3,1.17
2020-11-05 23:00:00,4,1.17
2020-11-06 19:00:00,0,2.70
2020-11-06 20:00:00,1,2.34
2020-11-06 21:00:00,2,2.37
2020-11-06 22:00:00,3,2.35
2020-11-06 23:00:00,4,2.55
2020-11-07 00:00:00,5,2.75
2020-11-07 01:00:00,6,2.67
2020-11-07 19:00:00,0,3.45
2020-11-07 20:00:00,1,3.74
2020-11-07 21:00:00,2,3.85
2020-11-07 22:00:00,3,5.05
2020-11-07 23:00:00,4,4.89
2020-11-08 00:00:00,5,4.91
2020-11-08 01:00:00,6,4.94
2020-11-08 02:00:00,7,4.68
2020-11-08 18:00:00,23,1.11
2020-11-08 19:00:00,0,0.898
2020-11-08 20:00:00,1,0.697
2020-11-08 21:00:00,2,0.581
2020-11-08 22:00:00,3,0.542
2020-11-08 23:00:00,4,0.538
2020-11-09 00:00:00,5,0.561
2020-11-09 01:00:00,6,0.573
2020-11-09 15:00:00,20,1.67
2020-11-09 16:00:00,21,1.36
2020-11-09 17:00:00,22,1.22
2020-11-09 18:00:00,23,1.23
2020-11-09 19:00:00,0,1.21
2020-11-09 20:00:00,1,0.968
2020-11-09 21:00:00,2,0.821
2020-11-09 22:00:00,3,0.844
2020-11-09 23:00:00,4,0.830
2020-11-10 00:00:00,5,0.815
2020-11-10 01:00:00,6,0.724
2020-11-10 17:00:00,22,1.63
2020-11-10 18:00:00,23,1.49
2020-11-10 19:00:00,0,1.23
2020-11-10 20:00:00,1,1.05
2020-11-10 21:00:00,2,0.898
2020-11-10 22:00:00,3,0.895
2020-11-10 23:00:00,4,0.761
2020-11-11 00:00:00,5,0.703
2020-11-11 01:00:00,6,0.674
2020-11-11 02:00:00,7,0.633
2020-11-11 17:00:00,22,1.46
2020-11-11 18:00:00,23,1.12
2020-11-11 19:00:00,0,0.980
2020-11-11 20:00:00,1,0.852
2020-11-11 21:00:00,2,0.712
2020-11-11 22:00:00,3,0.729
2020-11-11 23:00:00,4,0.821
2020-11-12 00:00:00,5,0.837
2020-11-12 01:00:00,6,0.743
2020-11-12 02:00:00,7,0.592
2020-11-12 16:00:00,21,1.48
2020-11-12 17:00:00,22,1.47
2020-11-12 18:00:00,23,1.41
2020-11-12 19:00:00,0,1.09
2020-11-12 20:00:00,1,0.766
2020-11-12 21:00:00,2,0.696
2020-11-12 22:00:00,3,0.757
2020-11-12 23:00:00,4,0.659
2020-11-13 00:00:00,5,0.629
2020-11-13 01:00:00,6,0.454
2020-11-13 02:00:00,7,0.421
2020-11-13 15:00:00,20,1.26
2020-11-13 16:00:00,21,1.57
2020-11-13 17:00:00,22,1.68
2020-11-13 18:00:00,23,1.72
2020-11-13 19:00:00,0,1.52
2020-11-13 20:00:00,1,1.30
2020-11-13 21:00:00,2,1.05
2020-11-13 22:00:00,3,0.970
2020-11-13 23:00:00,4,0.934
2020-11-14 00:00:00,5,0.860
2020-11-14 01:00:00,6,0.826
2020-11-14 02:00:00,7,0.880
2020-11-14 16:00:00,21,1.38
2020-11-14 17:00:00,22,1.28
2020-11-14 18:00:00,23,0.962
2020-11-14 19:00:00,0,0.796
2020-11-14 20:00:00,1,0.670
2020-11-14 21:00:00,2,0.695
2020-11-14 22:00:00,3,0.686
2020-11-14 23:00:00,4,0.643
2020-11-15 00:00:00,5,0.629
2020-11-15 01:00:00,6,0.614
2020-11-15 02:00:00,7,0.568
2020-11-15 15:00:00,20,1.29
2020-11-15 16:00:00,21,1.26
2020-11-15 17:00:00,22,1.34
2020-11-15 18:00:00,23,1.51
2020-11-15 19:00:00,0,1.51
2020-11-15 20:00:00,1,1.18
2020-11-15 21:00:00,2,0.957
2020-11-15 22:00:00,3,0.947
2020-11-15 23:00:00,4,1.02
2020-11-16 00:00:00,5,1.04
2020-11-16 01:00:00,6,1.02
2020-11-16 02:00:00,7,1.00
2020-11-16 15:00:00,20,1.45
2020-11-16 16:00:00,21,1.53
2020-11-16 17:00:00,22,1.53
2020-11-16 18:00:00,23,1.42
2020-11-16 19:00:00,0,1.25
2020-11-16 20:00:00,1,1.18
2020-11-16 21:00:00,2,1.13
2020-11-16 22:00:00,3,1.03
2020-11-16 23:00:00,4,0.915
2020-11-17 00:00:00,5,0.745
2020-11-17 01:00:00,6,0.697
2020-11-17 02:00:00,7,0.659
2020-11-17 15:00:00,20,1.12
2020-11-17 16:00:00,21,1.19
2020-11-17 17:00:00,22,1.07
2020-11-17 18:00:00,23,1.18
2020-11-17 19:00:00,0,1.18
2020-11-17 20:00:00,1,0.908
2020-11-17 21:00:00,2,0.687
2020-11-17 22:00:00,3,0.520
2020-11-17 23:00:00,4,0.398
2020-11-18 00:00:00,5,0.406
2020-11-18 01:00:00,6,0.389
2020-11-18 21:00:00,2,0.447
2020-11-18 22:00:00,3,0.377
2020-11-18 23:00:00,4,0.379
2020-11-19 00:00:00,5,0.392
2020-11-19 01:00:00,6,0.377
2020-11-19 02:00:00,7,0.381
2020-11-19 16:00:00,21,1.32
2020-11-19 17:00:00,22,1.13
2020-11-19 18:00:00,23,1.06
2020-11-19 19:00:00,0,0.874
2020-11-19 20:00:00,1,0.730
2020-11-19 21:00:00,2,0.581
2020-11-19 22:00:00,3,0.534
2020-11-19 23:00:00,4,0.505
2020-11-20 00:00:00,5,0.502
2020-11-20 01:00:00,6,0.497
2020-11-20 02:00:00,7,0.509
2020-11-20 16:00:00,21,1.25
2020-11-20 17:00:00,22,1.11
2020-11-20 18:00:00,23,1.03
2020-11-20 19:00:00,0,0.850
2020-11-20 20:00:00,1,0.622
2020-11-20 21:00:00,2,0.537
2020-11-20 22:00:00,3,0.590
2020-11-20 23:00:00,4,0.605
2020-11-21 00:00:00,5,0.565
2020-11-21 01:00:00,6,0.524
2020-11-21 02:00:00,7,0.491
2020-11-21 03:00:00,8,0.496
2020-11-21 04:00:00,9,0.482
2020-11-21 05:00:00,10,0.480
2020-11-21 06:00:00,11,0.480
2020-11-21 07:00:00,12,0.489
2020-11-21 08:00:00,13,0.524
2020-11-21 15:00:00,20,0.663
2020-11-21 16:00:00,21,0.778
2020-11-21 17:00:00,22,0.848
2020-11-21 18:00:00,23,0.749
2020-11-21 19:00:00,0,0.646
2020-11-21 20:00:00,1,0.503
2020-11-21 21:00:00,2,0.489
2020-11-21 22:00:00,3,0.490
2020-11-21 23:00:00,4,0.529
2020-11-22 00:00:00,5,0.570
2020-11-22 01:00:00,6,0.584
2020-11-22 02:00:00,7,0.621
2020-11-22 03:00:00,8,0.563
2020-11-22 04:00:00,9,0.551
2020-11-22 05:00:00,10,0.575
2020-11-22 06:00:00,11,0.604
2020-11-22 07:00:00,12,0.627
2020-11-22 08:00:00,13,0.646
2020-11-22 09:00:00,14,0.602
2020-11-22 10:00:00,15,0.641
2020-11-22 11:00:00,16,0.656
2020-11-22 12:00:00,17,0.624
2020-11-22 13:00:00,18,0.632
2020-11-22 14:00:00,19,0.733
2020-11-22 15:00:00,20,0.824
2020-11-22 16:00:00,21,1.01
2020-11-22 17:00:00,22,1.05
2020-11-22 18:00:00,23,0.946
2020-11-22 19:00:00,0,0.814
2020-11-22 20:00:00,1,0.773
2020-11-22 21:00:00,2,0.856
2020-11-22 22:00:00,3,0.929
2020-11-22 23:00:00,4,0.892
2020-11-23 00:00:00,5,0.882
2020-11-23 01:00:00,6,0.826
2020-11-23 02:00:00,7,0.773
2020-11-23 03:00:00,8,0.846
2020-11-23 04:00:00,9,1.18
2020-11-23 05:00:00,10,1.48
2020-11-23 06:00:00,11,1.52
2020-11-23 07:00:00,12,1.65
2020-11-23 08:00:00,13,1.81
2020-11-23 09:00:00,14,1.72
2020-11-23 10:00:00,15,1.82
2020-11-23 11:00:00,16,1.87
2020-11-23 12:00:00,17,1.81
2020-11-23 13:00:00,18,1.99
2020-11-23 14:00:00,19,2.06
2020-11-23 15:00:00,20,2.08
2020-11-23 16:00:00,21,2.09
2020-11-23 17:00:00,22,2.12
2020-11-23 18:00:00,23,2.44
2020-11-23 19:00:00,0,2.67
2020-11-23 20:00:00,1,2.69
2020-11-23 21:00:00,2,3.01
2020-11-23 22:00:00,3,3.27
2020-11-23 23:00:00,4,3.76
2020-11-24 00:00:00,5,4.10
2020-11-24 01:00:00,6,4.12
2020-11-24 02:00:00,7,4.45
2020-11-24 03:00:00,8,4.72
2020-11-24 04:00:00,9,4.67
2020-11-24 05:00:00,10,4.66
2020-11-24 06:00:00,11,4.54
2020-11-24 07:00:00,12,4.64
2020-11-24 08:00:00,13,4.61
2020-11-24 09:00:00,14,4.60
2020-11-24 10:00:00,15,4.48
2020-11-24 11:00:00,16,4.16
2020-11-24 12:00:00,17,3.72
2020-11-24 13:00:00,18,3.69
2020-11-24 14:00:00,19,3.35
2020-11-24 15:00:00,20,2.70
2020-11-24 16:00:00,21,2.43
2020-11-24 17:00:00,22,2.49
2020-11-24 18:00:00,23,3.08
2020-11-24 19:00:00,0,3.36
2020-11-24 20:00:00,1,3.51
2020-11-24 21:00:00,2,4.10
2020-11-24 22:00:00,3,4.45
2020-11-24 23:00:00,4,4.14
2020-11-25 00:00:00,5,3.98
2020-11-25 01:00:00,6,4.22
2020-11-25 02:00:00,7,4.42
2020-11-25 03:00:00,8,4.16
2020-11-25 04:00:00,9,3.62
2020-11-25 05:00:00,10,3.13
2020-11-25 06:00:00,11,2.91
2020-11-25 07:00:00,12,2.79
2020-11-25 08:00:00,13,2.75
2020-11-25 09:00:00,14,2.58
2020-11-25 10:00:00,15,2.35
2020-11-25 11:00:00,16,2.34
2020-11-25 12:00:00,17,2.38
2020-11-25 13:00:00,18,2.18
2020-11-25 14:00:00,19,2.17
2020-11-25 15:00:00,20,2.20
2020-11-25 16:00:00,21,2.02
2020-11-25 17:00:00,22,1.95
2020-11-25 18:00:00,23,1.78
2020-11-25 19:00:00,0,1.70
2020-11-25 20:00:00,1,1.65
2020-11-25 21:00:00,2,1.84
2020-11-25 22:00:00,3,1.86
2020-11-25 23:00:00,4,1.85
2020-11-26 00:00:00,5,1.91
2020-11-26 01:00:00,6,2.01
2020-11-26 02:00:00,7,1.99
2020-11-26 03:00:00,8,1.81
2020-11-26 04:00:00,9,1.54
2020-11-26 05:00:00,10,1.30
2020-11-26 06:00:00,11,1.24
2020-11-26 07:00:00,12,1.26
2020-11-26 08:00:00,13,1.36
2020-11-26 09:00:00,14,1.52
2020-11-26 10:00:00,15,1.52
2020-11-26 11:00:00,16,1.71
2020-11-26 12:00:00,17,1.83
2020-11-26 13:00:00,18,1.86
2020-11-26 14:00:00,19,1.92
2020-11-26 15:00:00,20,1.86
2020-11-26 16:00:00,21,2.16
2020-11-26 17:00:00,22,2.71
2020-11-26 18:00:00,23,2.70
2020-11-26 19:00:00,0,2.25
2020-11-26 20:00:00,1,1.85
2020-11-26 21:00:00,2,1.87
2020-11-26 22:00:00,3,1.84
2020-11-26 23:00:00,4,1.91
2020-11-27 00:00:00,5,1.91
2020-11-27 01:00:00,6,1.77
2020-11-27 02:00:00,7,1.51
2020-11-27 03:00:00,8,1.41
2020-11-27 04:00:00,9,1.30
2020-11-27 05:00:00,10,1.20
2020-11-27 06:00:00,11,1.18
2020-11-27 07:00:00,12,1.18
2020-11-27 08:00:00,13,1.25
2020-11-27 09:00:00,14,1.36
2020-11-27 10:00:00,15,1.45
2020-11-27 11:00:00,16,1.51
2020-11-27 12:00:00,17,1.44
2020-11-27 13:00:00,18,1.44
2020-11-27 14:00:00,19,1.31
2020-11-27 15:00:00,20,1.86
2020-11-27 16:00:00,21,2.15
2020-11-27 17:00:00,22,1.67
2020-11-27 18:00:00,23,1.61
2020-11-27 19:00:00,0,1.59
2020-11-27 20:00:00,1,1.16
2020-11-27 21:00:00,2,1.06
2020-11-27 22:00:00,3,0.981
2020-11-27 23:00:00,4,1.06
2020-11-28 00:00:00,5,1.17
2020-11-28 01:00:00,6,1.19
2020-11-28 02:00:00,7,1.19
2020-11-28 03:00:00,8,1.20
2020-11-28 04:00:00,9,1.17
2020-11-28 05:00:00,10,1.03
2020-11-28 06:00:00,11,0.998
2020-11-28 07:00:00,12,1.02
2020-11-28 08:00:00,13,1.05
2020-11-28 09:00:00,14,1.09
2020-11-28 10:00:00,15,1.11
2020-11-28 11:00:00,16,1.10
2020-11-28 12:00:00,17,1.04
2020-11-28 13:00:00,18,1.05
2020-11-28 14:00:00,19,1.11
2020-11-28 15:00:00,20,1.38
2020-11-28 16:00:00,21,1.89
2020-11-28 17:00:00,22,2.13
2020-11-28 18:00:00,23,2.38
2020-11-28 19:00:00,0,2.33
2020-11-28 20:00:00,1,2.16
2020-11-28 21:00:00,2,1.98
2020-11-28 22:00:00,3,1.98
2020-11-28 23:00:00,4,2.00
2020-11-29 00:00:00,5,1.84
2020-11-29 01:00:00,6,1.95
2020-11-29 02:00:00,7,2.05
2020-11-29 03:00:00,8,2.03
2020-11-29 04:00:00,9,1.94
2020-11-29 05:00:00,10,2.02
2020-11-29 06:00:00,11,2.13
2020-11-29 07:00:00,12,2.16
2020-11-29 08:00:00,13,2.22
2020-11-29 09:00:00,14,2.38
2020-11-29 10:00:00,15,2.47
2020-11-29 11:00:00,16,2.47
2020-11-29 12:00:00,17,2.39
2020-11-29 13:00:00,18,2.13
2020-11-29 14:00:00,19,1.95
2020-11-29 15:00:00,20,2.11
2020-11-29 16:00:00,21,2.52
2020-11-29 17:00:00,22,2.70
2020-11-29 18:00:00,23,2.65
2020-11-29 19:00:00,0,2.88
2020-11-29 20:00:00,1,2.90
2020-11-29 21:00:00,2,2.82
2020-11-29 22:00:00,3,2.76
2020-11-29 23:00:00,4,2.78
2020-11-30 00:00:00,5,2.82
2020-11-30 01:00:00,6,3.02
2020-11-30 02:00:00,7,3.09
2020-11-30 03:00:00,8,3.22
2020-11-30 04:00:00,9,3.18
2020-11-30 05:00:00,10,3.33
2020-11-30 06:00:00,11,3.19
2020-11-30 07:00:00,12,2.95
2020-11-30 08:00:00,13,3.23
2020-11-30 16:00:00,21,2.31
2020-11-30 17:00:00,22,2.22
2020-11-30 18:00:00,23,2.45
2020-11-30 19:00:00,0,2.26
2020-11-30 20:00:00,1,2.12
2020-11-30 21:00:00,2,2.10
2020-11-30 22:00:00,3,2.05
2020-11-30 23:00:00,4,1.89
2020-12-01 00:00:00,5,1.31
2020-12-01 01:00:00,6,1.18
2020-12-01 02:00:00,7,1.16
2020-12-01 03:00:00,8,0.978
2020-12-01 04:00:00,9,0.799
2020-12-01 05:00:00,10,0.715
2020-12-01 06:00:00,11,0.644
2020-12-01 07:00:00,12,0.707
2020-12-01 08:00:00,13,0.764
2020-12-01 09:00:00,14,1.22
2020-12-01 10:00:00,15,1.27
2020-12-01 11:00:00,16,1.10
2020-12-01 12:00:00,17,1.17
2020-12-01 13:00:00,18,1.12
2020-12-01 14:00:00,19,1.08
2020-12-01 15:00:00,20,1.20
2020-12-01 16:00:00,21,1.40
2020-12-01 17:00:00,22,1.68
2020-12-01 18:00:00,23,1.57
2020-12-01 19:00:00,0,1.13
2020-12-01 20:00:00,1,0.807
2020-12-01 21:00:00,2,0.760
2020-12-01 22:00:00,3,0.717
2020-12-01 23:00:00,4,0.674
2020-12-02 00:00:00,5,0.639
2020-12-02 01:00:00,6,0.588
2020-12-02 02:00:00,7,0.605
2020-12-02 03:00:00,8,0.559
2020-12-02 04:00:00,9,0.539
2020-12-02 05:00:00,10,0.500
2020-12-02 19:00:00,0,1.51
2020-12-02 20:00:00,1,1.39
2020-12-02 21:00:00,2,1.07
2020-12-02 22:00:00,3,0.968
2020-12-02 23:00:00,4,0.894
2020-12-03 00:00:00,5,0.686
2020-12-03 01:00:00,6,0.412
2020-12-03 02:00:00,7,0.357
2020-12-03 03:00:00,8,0.289
2020-12-03 04:00:00,9,0.252
2020-12-03 05:00:00,10,0.245
2020-12-03 06:00:00,11,0.248
2020-12-03 07:00:00,12,0.268
2020-12-03 08:00:00,13,0.447
2020-12-03 16:00:00,21,1.71
2020-12-03 17:00:00,22,2.21
2020-12-03 18:00:00,23,2.14
2020-12-03 19:00:00,0,1.74
2020-12-03 20:00:00,1,1.08
2020-12-03 21:00:00,2,0.779
2020-12-03 22:00:00,3,0.819
2020-12-03 23:00:00,4,0.870
2020-12-04 00:00:00,5,0.724
2020-12-04 01:00:00,6,0.508
2020-12-04 02:00:00,7,0.457
2020-12-04 03:00:00,8,0.434
2020-12-04 04:00:00,9,0.439
2020-12-04 05:00:00,10,0.425
2020-12-04 06:00:00,11,0.440
2020-12-04 07:00:00,12,0.490
2020-12-04 08:00:00,13,0.526
2020-12-04 15:00:00,20,1.38
2020-12-04 16:00:00,21,1.40
2020-12-04 17:00:00,22,1.12
2020-12-04 18:00:00,23,1.29
2020-12-04 19:00:00,0,1.25
2020-12-04 20:00:00,1,1.12
2020-12-04 21:00:00,2,0.869
2020-12-04 22:00:00,3,0.542
2020-12-04 23:00:00,4,0.611
2020-12-05 00:00:00,5,0.557
2020-12-05 01:00:00,6,0.525
2020-12-05 02:00:00,7,0.414
2020-12-05 03:00:00,8,0.428
2020-12-05 04:00:00,9,0.455
2020-12-05 05:00:00,10,0.427
2020-12-05 06:00:00,11,0.445
2020-12-05 07:00:00,12,0.426
2020-12-05 08:00:00,13,0.456
2020-12-05 16:00:00,21,1.68
2020-12-05 17:00:00,22,1.20
2020-12-05 18:00:00,23,1.46
2020-12-05 19:00:00,0,1.19
2020-12-05 20:00:00,1,0.895
2020-12-05 21:00:00,2,0.693
2020-12-05 22:00:00,3,0.703
2020-12-05 23:00:00,4,0.764
2020-12-06 00:00:00,5,0.524
2020-12-06 01:00:00,6,0.336
2020-12-06 02:00:00,7,0.313
2020-12-06 03:00:00,8,0.320
2020-12-06 04:00:00,9,0.318
2020-12-06 05:00:00,10,0.322
2020-12-06 06:00:00,11,0.341
2020-12-06 07:00:00,12,0.359
2020-12-06 08:00:00,13,0.408
2020-12-06 18:00:00,23,2.08
2020-12-06 19:00:00,0,1.93
2020-12-06 20:00:00,1,1.56
2020-12-06 21:00:00,2,0.938
2020-12-06 22:00:00,3,0.895
2020-12-06 23:00:00,4,0.738
2020-12-07 00:00:00,5,0.564
2020-12-07 01:00:00,6,0.506
2020-12-07 02:00:00,7,0.499
2020-12-07 03:00:00,8,0.494
2020-12-07 04:00:00,9,0.469
2020-12-07 05:00:00,10,0.429
2020-12-07 06:00:00,11,0.405
2020-12-07 07:00:00,12,0.417
2020-12-07 08:00:00,13,0.496
2020-12-07 16:00:00,21,2.28
2020-12-07 17:00:00,22,2.52
2020-12-07 18:00:00,23,2.57
2020-12-07 19:00:00,0,1.72
2020-12-07 20:00:00,1,0.933
2020-12-07 21:00:00,2,0.725
2020-12-07 22:00:00,3,0.657
2020-12-07 23:00:00,4,0.607
2020-12-08 00:00:00,5,0.593
2020-12-08 01:00:00,6,0.669
2020-12-08 02:00:00,7,0.679
2020-12-08 03:00:00,8,0.620
2020-12-08 04:00:00,9,0.649
2020-12-08 05:00:00,10,0.622
2020-12-08 06:00:00,11,0.620
2020-12-08 07:00:00,12,0.633
2020-12-08 08:00:00,13,0.677
2020-12-08 18:00:00,23,1.87
2020-12-08 19:00:00,0,1.69
2020-12-08 20:00:00,1,1.12
2020-12-08 21:00:00,2,0.993
2020-12-08 22:00:00,3,0.696
2020-12-08 23:00:00,4,0.631
2020-12-09 00:00:00,5,0.564
2020-12-09 01:00:00,6,1.06
2020-12-09 02:00:00,7,1.28
2020-12-09 03:00:00,8,1.93
2020-12-09 04:00:00,9,2.31
2020-12-09 05:00:00,10,1.94
2020-12-09 06:00:00,11,2.08
2020-12-09 07:00:00,12,2.01
2020-12-09 08:00:00,13,2.24
2020-12-09 18:00:00,23,3.46
2020-12-09 19:00:00,0,3.87
2020-12-09 20:00:00,1,4.12
2020-12-09 21:00:00,2,3.73
2020-12-09 22:00:00,3,3.59
2020-12-09 23:00:00,4,3.88
2020-12-10 00:00:00,5,3.68
2020-12-10 01:00:00,6,3.75
2020-12-10 02:00:00,7,3.67
2020-12-10 03:00:00,8,3.36
2020-12-10 04:00:00,9,2.99
2020-12-10 05:00:00,10,2.59
2020-12-10 06:00:00,11,2.37
2020-12-10 07:00:00,12,2.44
2020-12-10 08:00:00,13,2.73
2020-12-10 17:00:00,22,2.46
2020-12-10 18:00:00,23,2.34
2020-12-10 19:00:00,0,2.21
2020-12-10 20:00:00,1,2.08
2020-12-10 21:00:00,2,2.39
2020-12-10 22:00:00,3,2.30
2020-12-10 23:00:00,4,2.18
2020-12-11 00:00:00,5,2.02
2020-12-11 01:00:00,6,2.20
2020-12-11 02:00:00,7,2.25
2020-12-11 03:00:00,8,2.42
2020-12-11 04:00:00,9,2.42
2020-12-11 05:00:00,10,2.14
2020-12-11 06:00:00,11,1.98
2020-12-11 07:00:00,12,2.06
2020-12-11 08:00:00,13,2.28
2020-12-11 18:00:00,23,2.02
2020-12-11 19:00:00,0,1.93
2020-12-11 20:00:00,1,1.75
2020-12-11 21:00:00,2,1.70
2020-12-11 22:00:00,3,1.77
2020-12-11 23:00:00,4,1.68
2020-12-12 00:00:00,5,1.43
2020-12-12 01:00:00,6,1.27
2020-12-12 02:00:00,7,1.34
2020-12-12 03:00:00,8,1.37
2020-12-12 04:00:00,9,1.40
2020-12-12 05:00:00,10,1.40
2020-12-12 06:00:00,11,1.53
2020-12-12 07:00:00,12,1.66
2020-12-12 08:00:00,13,1.95
2020-12-12 17:00:00,22,1.83
2020-12-12 18:00:00,23,1.66
2020-12-12 19:00:00,0,1.20
2020-12-12 20:00:00,1,0.902
2020-12-12 21:00:00,2,0.824
2020-12-12 22:00:00,3,0.749
2020-12-12 23:00:00,4,0.652
2020-12-13 00:00:00,5,0.706
2020-12-13 01:00:00,6,0.571
2020-12-13 02:00:00,7,0.546
2020-12-13 03:00:00,8,0.510
2020-12-13 04:00:00,9,0.467
2020-12-13 05:00:00,10,0.411
2020-12-13 06:00:00,11,0.399
2020-12-13 07:00:00,12,0.402
2020-12-13 08:00:00,13,0.439
2020-12-13 18:00:00,23,1.33
2020-12-13 19:00:00,0,0.963
2020-12-13 20:00:00,1,0.632
2020-12-13 21:00:00,2,0.501
2020-12-13 22:00:00,3,0.526
2020-12-13 23:00:00,4,0.513
2020-12-14 00:00:00,5,0.491
2020-12-14 01:00:00,6,0.454
2020-12-14 02:00:00,7,0.435
2020-12-14 03:00:00,8,0.404
2020-12-14 04:00:00,9,0.400
2020-12-14 05:00:00,10,0.406
2020-12-14 06:00:00,11,0.394
2020-12-14 07:00:00,12,0.403
2020-12-14 08:00:00,13,0.500
2020-12-14 18:00:00,23,1.48
2020-12-14 19:00:00,0,1.08
2020-12-14 20:00:00,1,0.797
2020-12-14 21:00:00,2,0.703
2020-12-14 22:00:00,3,0.571
2020-12-14 23:00:00,4,0.524
2020-12-15 00:00:00,5,0.508
2020-12-15 01:00:00,6,0.483
2020-12-15 02:00:00,7,0.479
2020-12-15 03:00:00,8,0.409
2020-12-15 04:00:00,9,0.393
2020-12-15 05:00:00,10,0.400
2020-12-15 06:00:00,11,0.412
2020-12-15 07:00:00,12,0.407
2020-12-15 08:00:00,13,0.431
2020-12-15 17:00:00,22,2.17
2020-12-15 18:00:00,23,2.39
2020-12-15 19:00:00,0,2.05
2020-12-15 20:00:00,1,1.61
2020-12-15 21:00:00,2,1.16
2020-12-15 22:00:00,3,0.897
2020-12-15 23:00:00,4,0.805
2020-12-16 00:00:00,5,0.778
2020-12-16 01:00:00,6,0.748
2020-12-16 02:00:00,7,0.704
2020-12-16 03:00:00,8,0.701
2020-12-16 04:00:00,9,0.769
2020-12-16 05:00:00,10,0.891
2020-12-16 06:00:00,11,0.986
2020-12-16 07:00:00,12,1.02
2020-12-16 21:00:00,2,1.01
2020-12-16 22:00:00,3,0.946
2020-12-16 23:00:00,4,0.892
2020-12-17 00:00:00,5,0.959
2020-12-17 01:00:00,6,1.02
2020-12-17 02:00:00,7,0.974
2020-12-17 03:00:00,8,0.960
2020-12-17 04:00:00,9,0.929
2020-12-17 05:00:00,10,0.906
2020-12-17 06:00:00,11,0.879
2020-12-17 07:00:00,12,0.883
2020-12-17 08:00:00,13,0.921
2020-12-17 09:00:00,14,0.999
2020-12-17 10:00:00,15,1.13
2020-12-17 11:00:00,16,1.20
2020-12-17 12:00:00,17,1.32
2020-12-17 13:00:00,18,1.61
2020-12-17 14:00:00,19,1.94
2020-12-17 15:00:00,20,2.30
2020-12-17 16:00:00,21,2.61
2020-12-17 17:00:00,22,2.48
2020-12-17 18:00:00,23,2.48
2020-12-17 19:00:00,0,1.88
2020-12-17 20:00:00,1,1.52
2020-12-17 21:00:00,2,1.61
2020-12-17 22:00:00,3,1.27
2020-12-17 23:00:00,4,0.979
2020-12-18 00:00:00,5,0.850
2020-12-18 01:00:00,6,0.681
2020-12-18 02:00:00,7,0.591
2020-12-18 03:00:00,8,0.578
2020-12-18 04:00:00,9,0.622
2020-12-18 05:00:00,10,0.632
2020-12-18 06:00:00,11,0.685
2020-12-18 07:00:00,12,0.721
2020-12-18 08:00:00,13,0.808
2020-12-18 09:00:00,14,0.942
2020-12-18 10:00:00,15,1.09
2020-12-18 11:00:00,16,1.13
2020-12-18 12:00:00,17,1.13
2020-12-18 13:00:00,18,1.08
2020-12-18 14:00:00,19,1.13
2020-12-18 15:00:00,20,2.07
2020-12-18 16:00:00,21,1.93
2020-12-18 17:00:00,22,1.97
2020-12-18 18:00:00,23,2.10
2020-12-18 19:00:00,0,1.56
2020-12-18 20:00:00,1,1.06
2020-12-18 21:00:00,2,0.946
2020-12-18 22:00:00,3,0.934
2020-12-18 23:00:00,4,0.918
2020-12-19 00:00:00,5,0.943
2020-12-19 01:00:00,6,0.966
2020-12-19 02:00:00,7,1.03
2020-12-19 03:00:00,8,1.06
2020-12-19 04:00:00,9,1.07
2020-12-19 05:00:00,10,1.07
2020-12-19 06:00:00,11,1.11
2020-12-19 07:00:00,12,1.12
2020-12-19 08:00:00,13,1.21
2020-12-19 09:00:00,14,1.54
2020-12-19 10:00:00,15,1.76
2020-12-19 11:00:00,16,1.75
2020-12-19 12:00:00,17,1.94
2020-12-19 13:00:00,18,1.96
2020-12-19 14:00:00,19,1.93
2020-12-19 15:00:00,20,2.30
2020-12-19 16:00:00,21,3.18
2020-12-19 17:00:00,22,3.09
2020-12-19 18:00:00,23,2.99
2020-12-19 19:00:00,0,2.75
2020-12-19 20:00:00,1,2.46
2020-12-19 21:00:00,2,2.04
2020-12-19 22:00:00,3,2.07
2020-12-19 23:00:00,4,2.10
2020-12-20 00:00:00,5,2.02
2020-12-20 01:00:00,6,1.86
2020-12-20 02:00:00,7,1.77
2020-12-20 03:00:00,8,1.87
2020-12-20 04:00:00,9,1.93
2020-12-20 05:00:00,10,1.90
2020-12-20 06:00:00,11,1.91
2020-12-20 07:00:00,12,1.91
2020-12-20 08:00:00,13,1.90
2020-12-20 09:00:00,14,2.04
2020-12-20 10:00:00,15,2.10
2020-12-20 11:00:00,16,2.17
2020-12-20 12:00:00,17,2.11
2020-12-20 13:00:00,18,2.10
2020-12-20 14:00:00,19,2.00
2020-12-20 15:00:00,20,1.97
2020-12-20 16:00:00,21,2.85
2020-12-20 17:00:00,22,2.94
2020-12-20 18:00:00,23,3.18
2020-12-20 19:00:00,0,3.03
2020-12-20 20:00:00,1,2.76
2020-12-20 21:00:00,2,2.62
2020-12-20 22:00:00,3,2.58
2020-12-20 23:00:00,4,2.65
2020-12-21 00:00:00,5,2.59
2020-12-21 01:00:00,6,2.34
2020-12-21 02:00:00,7,2.32
2020-12-21 03:00:00,8,2.18
2020-12-21 04:00:00,9,2.09
2020-12-21 05:00:00,10,2.01
2020-12-21 06:00:00,11,2.08
2020-12-21 07:00:00,12,2.21
2020-12-21 08:00:00,13,2.18
2020-12-21 09:00:00,14,2.32
2020-12-21 10:00:00,15,2.27
2020-12-21 11:00:00,16,2.50
2020-12-21 12:00:00,17,2.66
2020-12-21 13:00:00,18,2.53
2020-12-21 14:00:00,19,2.60
2020-12-21 15:00:00,20,2.61
2020-12-21 16:00:00,21,2.64
2020-12-21 17:00:00,22,2.94
2020-12-21 18:00:00,23,3.22
2020-12-21 19:00:00,0,3.03
2020-12-21 20:00:00,1,2.69
2020-12-21 21:00:00,2,2.90
2020-12-21 22:00:00,3,3.69
2020-12-21 23:00:00,4,4.02
2020-12-22 00:00:00,5,4.05
2020-12-22 01:00:00,6,4.29
2020-12-22 02:00:00,7,4.39
2020-12-22 03:00:00,8,4.52
2020-12-22 04:00:00,9,4.80
2020-12-22 05:00:00,10,5.07
2020-12-22 06:00:00,11,5.01
2020-12-22 07:00:00,12,5.20
2020-12-22 08:00:00,13,5.45
2020-12-22 09:00:00,14,5.58
2020-12-22 22:00:00,3,5.68
2020-12-22 23:00:00,4,5.60
2020-12-23 03:00:00,8,5.67
2020-12-23 04:00:00,9,5.50
2020-12-23 05:00:00,10,5.42
2020-12-23 06:00:00,11,5.07
2020-12-23 07:00:00,12,5.35
2020-12-25 07:00:00,12,2.39
2020-12-25 08:00:00,13,2.97
2020-12-25 09:00:00,14,3.95
2020-12-25 10:00:00,15,4.28
2020-12-25 11:00:00,16,3.80
2020-12-25 12:00:00,17,2.83
2020-12-25 13:00:00,18,2.56
2020-12-25 14:00:00,19,2.46
2020-12-25 15:00:00,20,2.96
2020-12-25 16:00:00,21,3.59
2020-12-25 17:00:00,22,3.35
2020-12-25 18:00:00,23,3.22
2020-12-25 19:00:00,0,3.01
2020-12-25 20:00:00,1,2.09
2020-12-25 21:00:00,2,0.953
2020-12-25 22:00:00,3,0.608
2020-12-25 23:00:00,4,1.10
2020-12-26 00:00:00,5,1.57
2020-12-26 01:00:00,6,1.83
2020-12-26 02:00:00,7,2.14
2020-12-26 03:00:00,8,2.43
2020-12-26 04:00:00,9,2.35
2020-12-26 05:00:00,10,2.16
2020-12-26 06:00:00,11,2.02
2020-12-26 07:00:00,12,1.94
2020-12-26 08:00:00,13,2.45
2020-12-26 09:00:00,14,3.66
2020-12-26 10:00:00,15,4.54
2020-12-26 11:00:00,16,5.48
2020-12-26 12:00:00,17,5.61
2020-12-26 13:00:00,18,5.43
2020-12-26 14:00:00,19,4.71
2020-12-26 15:00:00,20,4.50
2020-12-26 16:00:00,21,4.72
2020-12-26 17:00:00,22,4.79
2020-12-26 18:00:00,23,4.28
2020-12-26 19:00:00,0,3.53
2020-12-26 20:00:00,1,2.21
2020-12-26 21:00:00,2,2.40
2020-12-26 22:00:00,3,3.24
2020-12-26 23:00:00,4,3.31
2020-12-27 00:00:00,5,3.09
2020-12-27 01:00:00,6,3.08
2020-12-27 02:00:00,7,3.04
2020-12-27 03:00:00,8,2.52
2020-12-27 04:00:00,9,2.58
2020-12-27 05:00:00,10,2.58
2020-12-27 06:00:00,11,2.85
2020-12-27 07:00:00,12,3.18
2020-12-27 08:00:00,13,3.70
2020-12-27 09:00:00,14,4.58
2020-12-27 10:00:00,15,4.67
2020-12-27 11:00:00,16,5.02
2020-12-27 12:00:00,17,4.46
2020-12-27 13:00:00,18,5.08
2020-12-27 14:00:00,19,5.31
2020-12-27 15:00:00,20,5.55
2020-12-27 16:00:00,21,5.86
2020-12-27 18:00:00,23,5.68
2020-12-27 19:00:00,0,4.13
2020-12-27 20:00:00,1,3.95
2020-12-27 21:00:00,2,4.17
2020-12-27 22:00:00,3,4.76
2020-12-27 23:00:00,4,5.23
2020-12-28 00:00:00,5,5.31
2020-12-28 01:00:00,6,4.84
2020-12-29 06:00:00,11,5.89

